name,make,model,year,equipment
leading edge,"Marks, West and Murray",Pannier,2014,moffet
mission-critical,Kerluke-Kihn,Lotlux,2016,cement hosing
synergy,"Jast, Champlin and Wisoky",It,2016,crane
local,"Bradtke, Langworth and Raynor",Zaam-Dox,2016,crane
encompassing,Pfeffer-Greenholt,Mat Lam Tam,2012,welder
Automated,Kertzmann Group,Toughjoyfax,2013,ramps
internet solution,Block-Swift,Tempsoft,2014,ramps
Quality-focused,Senger Inc,Zontrax,2013,cement hosing
projection,Kirlin-Jacobi,Temp,2015,ramps
moratorium,Rice-Johnston,Treeflex,2014,ramps
Upgradable,Boehm-Maggio,Transcof,2015,crane
data-warehouse,"Casper, Sporer and Reichel",Gembucket,2013,ramps
analyzing,"Tromp, Bins and Hegmann",Mat Lam Tam,2015,moffet
data-warehouse,Boyle-Fritsch,Holdlamis,2014,moffet
client-server,McClure-Oberbrunner,Ventosanzap,2013,cement hosing
upward-trending,Harris LLC,Trippledex,2012,ramps
Versatile,"Lubowitz, Bechtelar and Ernser",Home Ing,2012,ramps
Open-architected,Stroman-Roberts,Asoka,2016,welder
composite,Altenwerth-Homenick,Redhold,2013,welder
discrete,Hegmann Group,Bitwolf,2012,cement hosing
composite,Hackett-Stroman,Temp,2015,ramps
Persevering,Schultz-Sanford,Job,2012,moffet
4th generation,"O'Keefe, Graham and Mayer",Regrant,2016,welder
benchmark,"Frami, DuBuque and Brakus",Y-find,2016,cement hosing
national,Wiegand Group,Fixflex,2013,welder
Customizable,Kling LLC,Zontrax,2013,cement hosing
mission-critical,Johnson Inc,Treeflex,2014,moffet
Future-proofed,"Hoppe, Wiegand and Yundt",Zoolab,2012,ramps
knowledge user,Thiel-Wunsch,Aerified,2012,moffet
function,Tremblay-Nader,Trippledex,2014,ramps